{
  "Total" : {
    "transaction" : "Total",
    "sampleCount" : 75,
    "errorCount" : 0,
    "errorPct" : 0.0,
    "meanResTime" : 7878.22666666667,
    "medianResTime" : 8580.0,
    "minResTime" : 1542.0,
    "maxResTime" : 11343.0,
    "pct1ResTime" : 10396.4,
    "pct2ResTime" : 10971.6,
    "pct3ResTime" : 11343.0,
    "throughput" : 1.4368366604084448,
    "receivedKBytesPerSec" : 0.31851750186788763,
    "sentKBytesPerSec" : 53228.437272500865
  },
  "HTTP Request" : {
    "transaction" : "HTTP Request",
    "sampleCount" : 75,
    "errorCount" : 0,
    "errorPct" : 0.0,
    "meanResTime" : 7878.22666666667,
    "medianResTime" : 8580.0,
    "minResTime" : 1542.0,
    "maxResTime" : 11343.0,
    "pct1ResTime" : 10396.4,
    "pct2ResTime" : 10971.6,
    "pct3ResTime" : 11343.0,
    "throughput" : 1.4368366604084448,
    "receivedKBytesPerSec" : 0.31851750186788763,
    "sentKBytesPerSec" : 53228.437272500865
  }
}